Tweets,Polarity,Subjectivity
J'ai fait essentiellement du script Bash/Python/Perl En ce moment je suis sur une application Symf https://t.co/wyWDILnUWh,0.0,0.0
RT MOTHER'S LOVE This determined possum mum fought tooth and nail to rescue her baby after it was snatched from her back by a…,0.25,0.3
AWS Machine Learning A Complete Guide With Python https://t.co/85GQRmK0C2 #Python #MachineLearning https://t.co/xafzbCkUeW,0.1,0.4
汇编当然不算编译型语言……汇编能算的话Python也能算……,0.0,0.0
AWS Machine Learning A Complete Guide With Python https://t.co/wNnC6opBsj #Python #MachineLearning https://t.co/0rgSeAJ96w,0.1,0.4
Python Developer Central London Django/Flask https://t.co/lNkSg6PBuk,0.0,0.25
Developing an Asynchronous Task Queue in Python https://t.co/pNvzQOvqls https://t.co/fNoxn3CQBn,0.0,0.0
【希望調査】キムワイプさとし先生によるImageJ+Python講座をやったら来てくれる 費用は会場代をみんなで割り勘,0.0,0.0
AWS Machine Learning A Complete Guide With Python https://t.co/oHk6iQLp0D #Python #MachineLearning https://t.co/qOszZ6uSLJ,0.1,0.4
RT Creating a real-life Pokedex using #Python #DeepLearning a Raspberry Pi camera module and 7 touch screen …,0.0,0.0
RT @___andyo___ To celebrate my 2-yr Pythonniversary I put together a list of some of my favorite learning resources for beginning inte…,0.5,1.0
RT I give up trying to compare all this to Monty Python It is beyond Monty Python It’s beyond a joke too https://t.co/flqcE…,0.0,0.0
なんでエラーなの pythonが簡単すぎたからfortranつら https://t.co/1WM7vNkMCg,0.0,0.0
RT Introduction to Data Science in Python https://t.co/A1Wx85mHFY #machinelearning #ad,0.0,0.0
Introduction to Data Science in Python https://t.co/A1Wx85mHFY #machinelearning #ad,0.0,0.0
RT Pythonは遅いがお前よりは早い ってやつ好き�,0.0,0.0
Pythonのお勉強が一通り終わったので手始めにスクレイピング書いてるんですが、Chromeのconsoleで書いたコートをそのまんま持ってこれるJSのほうが今のところの感想だとぜんぜん楽だな…,0.0,0.0
pythonとおしゃべりして楽しんでる,0.0,0.0
"""Speak up! Monty Python's Life of Brian.",0.0,0.0
RT Excited to announce that Pipal Academy has joined us as a Silver sponsor for PySangamam 2018. Thanks Pipal A…,0.2875,0.475
My coworker 3D-printed this for me �#python https://t.co/LZ7X7kap5R,0.0,0.0
via Possum Attacks Python Wins Back Her Baby https://t.co/Rq9liBsH3e https://t.co/7jECT6G7hb,0.15,0.1
Отлична стать вышл н VC пр легкост изучени Python ег применимост огромну востребованность онлайн-об https://t.co/iQ55T7C2D6,0.0,0.0
RT URGENT Sur insta y’a une fille qui maltraite un Python pour faire des photos genre « Aesthetic allez signaler son com…,0.0,0.0
RT ■できるもの C Java C++ VBA 魔法 ■たしょうできるもの html hta javascript VBS assembly ■すこししかできないもの Cobol python C# ■これ…,0.0,0.0
#100DaysOfCode (Fri)Day 13 Manipulating Images #Python �,0.0,0.0
pythonとPerl、gnuplot、シェルスクリプトで解析してる芸人です。,0.0,0.0
RT Data Visualization Type Catalogs Classic https://t.co/taCEovH6Q9 Thorough https://t.co/2pfLUuodo7 R https://t.co/AXO8lq…,0.16666666666666666,0.16666666666666666
RT I give up trying to compare all this to Monty Python It is beyond Monty Python It’s beyond a joke too https://t.co/flqcE…,0.0,0.0
_p0m92 おつかれ！！！ほんとだよ！！！ てかあなた映画では？？？,0.0,0.0
Создани сайт помощь Python Django � Простой коротки максимальн информативны кур посвященны тем с https://t.co/RkmNz8q7hX,0.0,0.0
"RT こ pyenv だけじゃなく ***env 全般の問題なのでもっと広まってほしい。 ""mac で python 自体の起動速度 20ms (Linuxだともっと早いのですが… ですが shims を通すだけ 100ms 強に遅くなり…",0.0,0.0
RT _vanLoon #Python Overtakes R for #DataScience and #MachineLearning by Read more at https://t…,0.5,0.5
Creating a real-life Pokedex using #Python #DeepLearning a Raspberry Pi camera module and 7 touch scr https://t.co/ms98b4TKxV,0.0,0.0
6-metre-long python released in Krabi forest The Nation https://t.co/m83oR0XEkN,0.0,0.0
#Java vs #Python Which Programming Language Is Best via #MVB John Paul Mueller https://t.co/AGMdZ5yvvm https://t.co/kIAt8NoLL7,1.0,0.3
RT Heres my stopping point for the night Made some progress kept capitalizing input like a dummy and broke the it more…,0.0,0.0
“PyPy https://t.co/6GtT2Lbdfg,0.0,0.0
Temperatura atual da CPU 44 C #Automation #Python #RaspberryPi,0.0,0.0
RT MOTHER'S LOVE This determined possum mum fought tooth and nail to rescue her baby after it was snatched from her back by a…,0.25,0.3
_python たけ氏！お疲れ様！！！会いたかったッ！！！！！,0.0,0.0
RT pythonとfortranとスクリプトファイルを使うことでパラメータファイルを１０００枚作成に成功。こういうのを一つの言語でできるようになりたいものです。。。,0.0,0.0
"RT Also 50 off early access book (May 04) ""Deep Learning and the Game of Go by Max Pumperla and Kev…",-0.10000000000000002,0.3666666666666667
RT https://t.co/Q18YappF8q is For Sale #Computerized #Life #UX #UI #nodejs #clojure #perl #reactjs #angularjs #jquery #html5…,0.0,0.0
RT _vanLoon Getting Started with #DeepLearning by | Read full article here https://t.co/OuK6bZkguc #Analyti…,0.35,0.55
RT ■できるもの C Java C++ VBA 魔法 ■たしょうできるもの html hta javascript VBS assembly ■すこししかできないもの Cobol python C# ■これ…,0.0,0.0
Python adoro python,0.0,0.0
Monthy Python k tomu jako vždy maj trefnou scénku https://t.co/I1b9P2KXK6,0.0,0.0
C++とPython #shirabe,0.0,0.0
RT ■できるもの C Java C++ VBA 魔法 ■たしょうできるもの html hta javascript VBS assembly ■すこししかできないもの Cobol python C# ■これ…,0.0,0.0
"Also 50 off early access book (May 04) ""Deep Learning and the Game of Go by Max Pumperla https://t.co/SgyAx2OdIW",-0.10000000000000002,0.3666666666666667
RT Excited to announce that Pipal Academy has joined us as a Silver sponsor for PySangamam 2018. Thanks Pipal A…,0.2875,0.475
RT I give up trying to compare all this to Monty Python It is beyond Monty Python It’s beyond a joke too https://t.co/flqcE…,0.0,0.0
RT https://t.co/Q18YappF8q is For Sale #Computerized #Life #UX #UI #nodejs #clojure #perl #reactjs #angularjs #jquery #html5…,0.0,0.0
"50 off early access book (May 04) ""Deep Learning with PyTorch by Eli Stevens and Luca Antiga https://t.co/UjugHRqQgt",0.05,0.35
Python AF1's https://t.co/4VDIikbiX2,0.0,0.0
"RT Je vous ai retranscris une scène du film ""La vie de Bryan des Monty Python datant de 1979 https://t.co/QiIyzNitmQ",0.0,0.0
RT _zim We are looking for sponsors to help make our 3rd Python Developers Conference possible If you or your company is intereste…,0.0,0.5
Computer Programming for Beginners https://t.co/UvviS1fivz #Python rJm-wu-DTf https://t.co/d4VTYJIQVU,0.0,0.0
About talking to 100 kids about technology and why it is important.. How Google Code-In works What is ? https://t.co/wVk1NWpIF1,0.4,1.0
RT unknown sw:314 sh:288 b:34 o:9 p:2.3539 l:2.4933 #generative #geometric #ProceduralArt #python #bot https://t.co/vTTmm…,-0.1,0.6
kotlin خیل جاه شبی pythonه.,0.0,0.0
RT _davies_4IR The modern #DataScience Work via #machinelearning #coding #rstats #bigdata #dataviz #cyber #cloud #pytho…,0.2,0.3
https://t.co/m6OnGegMsd https://t.co/m6OnGegMsd,0.0,0.0
RT Restaurant manager is so terrified he passes out after a customer comes to dine with her PET PYTHON https://t.co/PW81k1SBmL,0.0,0.0
"RT Me ""Hey Python what fields and methods does this type expose?"" Python the trickster spirit ""Fiddle de-de Run the code and s…",0.0,0.0
The Ultimate Python Programming Tutorial https://t.co/g116qG1iOV #Python BJx92ADD6M https://t.co/nwDv13nX4G,0.0,1.0
¿Te gustaría aprender a programar #Python un lenguaje moderno sencillo y de propósito general Curso de https://t.co/BV8pdcEv42,0.05000000000000002,0.5
RT Python Tutorial Integrate Python with SQL https://t.co/bygq5LsZm4,0.0,0.0
Lol I know survival skills in the jungle My friends always ask why I know so much about snakes We used to steal https://t.co/nKp0oPF3MT,0.5,0.44999999999999996
RT ■できるもの C Java C++ VBA 魔法 ■たしょうできるもの html hta javascript VBS assembly ■すこししかできないもの Cobol python C# ■これ…,0.0,0.0
RT Scattertext 0.0.2.26 is out with a variety of ways to easily create and visualize coherent topic models in Python The c…,0.4666666666666667,0.7666666666666666
RT MOTHER'S LOVE This determined possum mum fought tooth and nail to rescue her baby after it was snatched from her back by a…,0.25,0.3
これは完璧な予測ですね。 三尊、逆三尊判定botなんて作ったら面白いかもしれませんね。 ちょっと考えます https://t.co/7HlYNCG5tm,0.0,0.0
#Werehiring Contino is looking for an experienced Technical Lead (EMEA to lead an experienced #Python and #AWS en https://t.co/EN8JJ8tATc,0.5333333333333333,0.6333333333333333
RT It's Maker Day at Code Club HQ and today we hacked a 2D version of Minecraft to create resources and build our own house…,0.6,1.0
RT It's Maker Day at Code Club HQ and today we hacked a 2D version of Minecraft to create resources and build our own house…,0.6,1.0
Python書けないのにPythonのfor文の書き方講座やったことある 内容は忘れた,0.0,0.0
Bonjouar Désol mais j'aime l'info et j'avais une question Dev en quoi :o J'ai eu beaucoup de C/C https://t.co/1OGXqPcejw,0.05,1.0
RT It's Maker Day at Code Club HQ and today we hacked a 2D version of Minecraft to create resources and build our own house…,0.6,1.0
RT _mai Pythonは知識0でもそれなりに書けるとは聞いてる,0.0,0.0
Pythonは知識0でもそれなりに書けるとは聞いてる,0.0,0.0
python詳しい人はいませんか？,0.0,0.0
Pay what you want for a bundle of Python resources and support charity https://t.co/coHa2zg850 via,0.0,0.0
Time Series Analysis in Python An Introduction https://t.co/xTnfXefJCl #DataScience #Python https://t.co/IF4ZnyAnxI,0.0,0.0
Vaya.. Nose...yo lo que se de python es sintaxis basica y como funcionan los bucles y listas y poco mas https://t.co/vdmmui87To,0.0,0.0
RT It's Maker Day at Code Club HQ and today we hacked a 2D version of Minecraft to create resources and build our own house…,0.6,1.0
RT 次回、みんなのPython勉強会#35 では、拙著Pythonスタートブック改訂版の秘密を話します。https://t.co/XuzbPkXf78 #stapy,0.0,0.0
PythonはPHPで挫折した私でも書けます(？),0.0,0.0
Wish it happens soon so like your interface #python made easy #Analytics,0.43333333333333335,0.8333333333333334
Python Programming Complete Beginner Course https://t.co/0IdGwLmVku #Learntocode #codegeek #coder #coding https://t.co/pgl4M9sMhV,0.1,0.4
Python Classes in Pune https://t.co/2HCOVkotSC via,0.0,0.0
_By en tiene una excelente propuesta de aprendizaje en uso de #R y #Python para el análisis de Datos en https://t.co/Q1jN4x5o8G,0.0,0.0
RT I give up trying to compare all this to Monty Python It is beyond Monty Python It’s beyond a joke too https://t.co/flqcE…,0.0,0.0
Oui la série python ❤❤,0.0,0.0
python読めるけど書けねぇ,0.0,0.0
RT A determined mother possum has saved its baby from the grasps of a hungry carpet python in a Queensland backyard https://…,0.0,0.0
I Can't deal with all this ridiculousness It feels like I'm stuck in a Monty Python movie �,0.0,0.0
Python 学習コー Ⅳを修了しました https://t.co/16U7gsQc0Z #Progate,0.0,0.0
Python(特にDjango)協力してくれるひといませんか…？,0.0,0.0
